2-к. квартира, 56 м², 7/23 эт./tПродается 2-к квартира в ЖК «Новатор» - по адресу: Литер 4.1, Секция А. 7-й этаж 23- этажного жилого дома, общая площадь 56.00 кв. м., жилая площадь 32.30 кв. м. от ГК. Срок окончания строительства: 1 квартал 2023 года./tsecond-flat.jpg,third-flat.jpg/t2023-02-06T14:50:55.401Z/tsell/tCologne/tpic-1.jpg/ttrue/t5/troom/t3/t9/t18224/tAir conditioning,Laptop friendly workspace,Baby seat,Washer,Towels/tСаша/ttest861@mail.ru/tsecret/tavatar.png/tобычный/t0/t40,39
3-к. квартира, 65 м², 2/17 эт./tКвартира общей площадью 38 кв.м.,/кухня 10,/комната 16. Санузел совмещённый 5 кв.м. Дом кирпичный, год постройки - 2010 г, Удобный этаж - 4. Квартира светлая, чистая, теплая. Своя автономная котельная, очень низкие цены на коммунальные услуги. Два лифта - грузовой и пассажирский. Лоджия застекленная, пол утеплённый деревянный./tsecond-flat.jpg,third-flat.jpg,fourth-flat.jpg,fifth-flat.jpg,sixth-flat.jpg/t2023-02-10T14:50:55.402Z/tsell/tHamburg/tpic-2.jpg/ttrue/t3/tapartment/t7/t5/t6372/tLaptop friendly workspace,Baby seat,Washer,Towels,Fridge/tСаша/ttest415@mail.ru/tsecret/tavatar.png/tpro/t0/t39,40
4-к. квартира, 80 м², 17/19 эт./tПродам просторную 3х комнатную квартиру на 2 этаже в 10 этажном кирпичном доме в микрорайоне Взлётка, по адресу ул. Взлётная д. 24а. Общая площадь 128 м2. Свободная продажа. Квартира с дизайнерским ремонтом в отличном состоянии с системой охранной сигнализации. Комфортная планировка на обе стороны дома. Квартира солнечная, теплая и уютная./tsecond-flat.jpg,third-flat.jpg,fourth-flat.jpg,fifth-flat.jpg,sixth-flat.jpg/t2023-02-07T14:50:55.402Z/tsell/tAmsterdam/tpic-1.jpg/ttrue/t3/tapartment/t3/t3/t5234/tLaptop friendly workspace,Baby seat,Washer,Towels,Fridge/tЛитвинков Н/ttest763@mail.ru/tsecret/tavatar.png/tpro/t0/t38,40
2-к. квартира, 60 м², 7/19 эт./tНОВОКОЛЬЦОВСКИЙ - перспективный многопрофильный район на юго-востоке Екатеринбурга. К 2023 году здесь будет построен комплекс объектов для проведения спортивных состязаний международного уровня: Дворец водных видов спорта, общественный и медицинский центры, общежития для спортсменов и тренировочное поле с легкоатлетическими дорожками./tfourth-flat.jpg,fifth-flat.jpg,sixth-flat.jpg/t2023-02-07T14:50:55.402Z/tsell/tAmsterdam/tpic-2.jpg/ttrue/t3/thouse/t2/t4/t7340/tLaptop friendly workspace,Baby seat,Washer,Towels,Fridge/tИгорь/ttest841@mail.ru/tsecret/tavatar.png/tpro/t0/t39,39
1-к. квартира, 35 м², 1/9 эт./tПродам просторную 3х комнатную квартиру на 2 этаже в 10 этажном кирпичном доме в микрорайоне Взлётка, по адресу ул. Взлётная д. 24а. Общая площадь 128 м2. Свободная продажа. Квартира с дизайнерским ремонтом в отличном состоянии с системой охранной сигнализации. Комфортная планировка на обе стороны дома. Квартира солнечная, теплая и уютная./tfirst-flat.jpg/t2023-02-10T14:50:55.402Z/tsell/tBrussels/tpic-2.jpg/ttrue/t1/thotel/t3/t9/t1607/tBaby seat,Washer,Towels,Fridge/tЛитвинков Н/ttest213@mail.ru/tsecret/tavatar.png/tобычный/t0/t38,40
2-к. квартира, 60 м², 7/19 эт./tПродается 2-к квартира в ЖК «Новатор» - по адресу: Литер 4.1, Секция А. 15-й этаж 23- этажного жилого дома, общая площадь 41.20 кв. м., жилая площадь 27.60 кв. м. от ГК . Срок окончания строительства: 1 квартал 2023 года./tfirst-flat.jpg,second-flat.jpg,third-flat.jpg,fourth-flat.jpg/t2023-02-05T14:50:55.402Z/tsell/tHamburg/tpic-2.jpg/ttrue/t4/thouse/t6/t6/t18804/tBaby seat,Washer,Towels,Fridge/tЛитвинков Н/ttest495@mail.ru/tsecret/tavatar.png/tобычный/t0/t38,40
3-к. квартира, 65 м², 2/17 эт./tПродам просторную 3х комнатную квартиру на 2 этаже в 10 этажном кирпичном доме в микрорайоне Взлётка, по адресу ул. Взлётная д. 24а. Общая площадь 128 м2. Свободная продажа. Квартира с дизайнерским ремонтом в отличном состоянии с системой охранной сигнализации. Комфортная планировка на обе стороны дома. Квартира солнечная, теплая и уютная./tfifth-flat.jpg,sixth-flat.jpg/t2023-02-11T14:50:55.402Z/tsell/tParis/tpic-1.jpg/tfalse/t4/thotel/t3/t3/t4262/tBaby seat,Washer,Towels/tАнатолий/ttest487@mail.ru/tsecret/tavatar.png/tpro/t0/t39,40
2-к. квартира, 56 м², 23/25 эт./tНОВОКОЛЬЦОВСКИЙ - перспективный многопрофильный район на юго-востоке Екатеринбурга. К 2023 году здесь будет построен комплекс объектов для проведения спортивных состязаний международного уровня: Дворец водных видов спорта, общественный и медицинский центры, общежития для спортсменов и тренировочное поле с легкоатлетическими дорожками./tthird-flat.jpg,fourth-flat.jpg,fifth-flat.jpg,sixth-flat.jpg/t2023-02-06T14:50:55.402Z/tbuy/tParis/tpic-2.jpg/tfalse/t3/troom/t2/t5/t9510/tAir conditioning,Laptop friendly workspace/tСаша/ttest396@mail.ru/tsecret/tavatar.png/tобычный/t0/t40,39
1-к. квартира, 35 м², 1/9 эт./tПродается 2-к квартира в ЖК «Новатор» - по адресу: Литер 4.1, Секция А. 15-й этаж 23- этажного жилого дома, общая площадь 41.20 кв. м., жилая площадь 27.60 кв. м. от ГК . Срок окончания строительства: 1 квартал 2023 года./tsecond-flat.jpg,third-flat.jpg,fourth-flat.jpg,fifth-flat.jpg/t2023-02-06T14:50:55.402Z/tsell/tCologne/tpic-2.jpg/ttrue/t4/thouse/t7/t2/t14427/tTowels,Fridge/tАнатолий/ttest617@mail.ru/tsecret/tavatar.png/tpro/t0/t39,39
2-к. квартира, 56 м², 23/25 эт./tПродам просторную 3х комнатную квартиру на 2 этаже в 10 этажном кирпичном доме в микрорайоне Взлётка, по адресу ул. Взлётная д. 24а. Общая площадь 128 м2. Свободная продажа. Квартира с дизайнерским ремонтом в отличном состоянии с системой охранной сигнализации. Комфортная планировка на обе стороны дома. Квартира солнечная, теплая и уютная./tfourth-flat.jpg,fifth-flat.jpg,sixth-flat.jpg/t2023-02-11T14:50:55.402Z/tbuy/tHamburg/tpic-2.jpg/ttrue/t4/troom/t3/t4/t10702/tTowels,Fridge/tСаша/ttest19@mail.ru/tsecret/tavatar.png/tобычный/t0/t38,40
3-к. квартира, 65 м², 2/17 эт./tПродается 2-к квартира в ЖК «Новатор» - по адресу: Литер 4.1, Секция А. 15-й этаж 23- этажного жилого дома, общая площадь 41.20 кв. м., жилая площадь 27.60 кв. м. от ГК . Срок окончания строительства: 1 квартал 2023 года./tfifth-flat.jpg,sixth-flat.jpg/t2023-02-05T14:50:55.402Z/tbuy/tHamburg/tpic-3.jpg/ttrue/t2/thouse/t5/t10/t13414/tBreakfast,Air conditioning,Laptop friendly workspace/tИгорь/ttest267@mail.ru/tsecret/tavatar.png/tpro/t0/t37,37
3-к. квартира, 65 м², 2/17 эт./tПродается 2-к квартира в ЖК «Новатор» - по адресу: Литер 4.1, Секция А. 7-й этаж 23- этажного жилого дома, общая площадь 56.00 кв. м., жилая площадь 32.30 кв. м. от ГК. Срок окончания строительства: 1 квартал 2023 года./tthird-flat.jpg,fourth-flat.jpg,fifth-flat.jpg/t2023-02-06T14:50:55.402Z/tsell/tHamburg/tpic-2.jpg/ttrue/t3/thouse/t3/t4/t9194/tBreakfast,Air conditioning,Laptop friendly workspace,Baby seat,Washer/tСаша/ttest789@mail.ru/tsecret/tavatar.png/tобычный/t0/t40,39
2-к. квартира, 60 м², 7/19 эт./tПродается 2-к квартира в ЖК «Новатор» - по адресу: Литер 4.1, Секция А. 15-й этаж 23- этажного жилого дома, общая площадь 41.20 кв. м., жилая площадь 27.60 кв. м. от ГК . Срок окончания строительства: 1 квартал 2023 года./tsixth-flat.jpg/t2023-02-08T14:50:55.402Z/tsell/tAmsterdam/tpic-3.jpg/tfalse/t4/thotel/t4/t3/t6905/tBaby seat,Washer,Towels,Fridge/tСаша/ttest944@mail.ru/tsecret/tavatar.png/tpro/t0/t40,39
2-к. квартира, 56 м², 7/23 эт./tКвартира общей площадью 38 кв.м.,/кухня 10,/комната 16. Санузел совмещённый 5 кв.м. Дом кирпичный, год постройки - 2010 г, Удобный этаж - 4. Квартира светлая, чистая, теплая. Своя автономная котельная, очень низкие цены на коммунальные услуги. Два лифта - грузовой и пассажирский. Лоджия застекленная, пол утеплённый деревянный./tfourth-flat.jpg,fifth-flat.jpg,sixth-flat.jpg/t2023-02-07T14:50:55.402Z/tsell/tBrussels/tpic-2.jpg/ttrue/t4/tapartment/t6/t6/t14243/tLaptop friendly workspace,Baby seat,Washer,Towels/tЛитвинков Н/ttest674@mail.ru/tsecret/tavatar.png/tобычный/t0/t40,39
2-к. квартира, 60 м², 7/19 эт./tПродам просторную 3х комнатную квартиру на 2 этаже в 10 этажном кирпичном доме в микрорайоне Взлётка, по адресу ул. Взлётная д. 24а. Общая площадь 128 м2. Свободная продажа. Квартира с дизайнерским ремонтом в отличном состоянии с системой охранной сигнализации. Комфортная планировка на обе стороны дома. Квартира солнечная, теплая и уютная./tthird-flat.jpg,fourth-flat.jpg,fifth-flat.jpg,sixth-flat.jpg/t2023-02-08T14:50:55.402Z/tsell/tDusseldorf/tpic-1.jpg/ttrue/t2/troom/t1/t6/t6589/tFridge/tСаша/ttest439@mail.ru/tsecret/tavatar.png/tобычный/t0/t39,36
3-к. квартира, 65 м², 2/17 эт./tПродается 2-к квартира в ЖК «Новатор» - по адресу: Литер 4.1, Секция А. 15-й этаж 23- этажного жилого дома, общая площадь 41.20 кв. м., жилая площадь 27.60 кв. м. от ГК . Срок окончания строительства: 1 квартал 2023 года./tsixth-flat.jpg/t2023-02-09T14:50:55.402Z/tsell/tDusseldorf/tpic-2.jpg/tfalse/t4/tapartment/t3/t8/t16476/tBaby seat,Washer,Towels,Fridge/tСаша/ttest488@mail.ru/tsecret/tavatar.png/tобычный/t0/t38,35
1-к. квартира, 35 м², 1/9 эт./tНОВОКОЛЬЦОВСКИЙ - перспективный многопрофильный район на юго-востоке Екатеринбурга. К 2023 году здесь будет построен комплекс объектов для проведения спортивных состязаний международного уровня: Дворец водных видов спорта, общественный и медицинский центры, общежития для спортсменов и тренировочное поле с легкоатлетическими дорожками./tthird-flat.jpg,fourth-flat.jpg,fifth-flat.jpg,sixth-flat.jpg/t2023-02-05T14:50:55.402Z/tbuy/tDusseldorf/tpic-1.jpg/tfalse/t3/thouse/t3/t8/t8872/tFridge/tАнатолий/ttest591@mail.ru/tsecret/tavatar.png/tpro/t0/t39,40
4-к. квартира, 80 м², 17/19 эт./tПродам просторную 3х комнатную квартиру на 2 этаже в 10 этажном кирпичном доме в микрорайоне Взлётка, по адресу ул. Взлётная д. 24а. Общая площадь 128 м2. Свободная продажа. Квартира с дизайнерским ремонтом в отличном состоянии с системой охранной сигнализации. Комфортная планировка на обе стороны дома. Квартира солнечная, теплая и уютная./tsixth-flat.jpg/t2023-02-07T14:50:55.402Z/tsell/tDusseldorf/tpic-2.jpg/tfalse/t1/thouse/t1/t5/t13087/tLaptop friendly workspace,Baby seat/tАнатолий/ttest382@mail.ru/tsecret/tavatar.png/tобычный/t0/t39,39
1-к. квартира, 35 м², 1/9 эт./tПродам просторную 3х комнатную квартиру на 2 этаже в 10 этажном кирпичном доме в микрорайоне Взлётка, по адресу ул. Взлётная д. 24а. Общая площадь 128 м2. Свободная продажа. Квартира с дизайнерским ремонтом в отличном состоянии с системой охранной сигнализации. Комфортная планировка на обе стороны дома. Квартира солнечная, теплая и уютная./tfourth-flat.jpg,fifth-flat.jpg,sixth-flat.jpg/t2023-02-07T14:50:55.402Z/tsell/tParis/tpic-1.jpg/tfalse/t2/troom/t6/t9/t6043/tFridge/tАнатолий/ttest753@mail.ru/tsecret/tavatar.png/tобычный/t0/t39,39
1-к. квартира, 35 м², 1/9 эт./tКвартира общей площадью 38 кв.м.,/кухня 10,/комната 16. Санузел совмещённый 5 кв.м. Дом кирпичный, год постройки - 2010 г, Удобный этаж - 4. Квартира светлая, чистая, теплая. Своя автономная котельная, очень низкие цены на коммунальные услуги. Два лифта - грузовой и пассажирский. Лоджия застекленная, пол утеплённый деревянный./tthird-flat.jpg,fourth-flat.jpg,fifth-flat.jpg,sixth-flat.jpg/t2023-02-08T14:50:55.402Z/tsell/tAmsterdam/tpic-3.jpg/ttrue/t4/troom/t1/t9/t17724/tBreakfast,Air conditioning,Laptop friendly workspace,Baby seat,Washer,Towels/tИгорь/ttest483@mail.ru/tsecret/tavatar.png/tpro/t0/t40,39
1-к. квартира, 35 м², 1/9 эт./tПродам 3-х квартиру с большой кухней, большим корридором, 2ва раздельных санузла на разные стороны, две лоджии, частично мебилирована. Возможен хороший предновогодний торг./tfirst-flat.jpg,second-flat.jpg,third-flat.jpg/t2023-02-07T14:50:55.402Z/tbuy/tAmsterdam/tpic-2.jpg/ttrue/t3/tapartment/t5/t9/t13497/tLaptop friendly workspace,Baby seat,Washer,Towels,Fridge/tАнатолий/ttest678@mail.ru/tsecret/tavatar.png/tобычный/t0/t40,37
3-к. квартира, 65 м², 2/17 эт./tКвартира общей площадью 38 кв.м.,/кухня 10,/комната 16. Санузел совмещённый 5 кв.м. Дом кирпичный, год постройки - 2010 г, Удобный этаж - 4. Квартира светлая, чистая, теплая. Своя автономная котельная, очень низкие цены на коммунальные услуги. Два лифта - грузовой и пассажирский. Лоджия застекленная, пол утеплённый деревянный./tfourth-flat.jpg,fifth-flat.jpg,sixth-flat.jpg/t2023-02-09T14:50:55.402Z/tbuy/tAmsterdam/tpic-2.jpg/tfalse/t1/tapartment/t3/t3/t14015/tLaptop friendly workspace,Baby seat,Washer,Towels/tВолодимир/ttest8@mail.ru/tsecret/tavatar.png/tобычный/t0/t40,40
4-к. квартира, 80 м², 17/19 эт./tНОВОКОЛЬЦОВСКИЙ - перспективный многопрофильный район на юго-востоке Екатеринбурга. К 2023 году здесь будет построен комплекс объектов для проведения спортивных состязаний международного уровня: Дворец водных видов спорта, общественный и медицинский центры, общежития для спортсменов и тренировочное поле с легкоатлетическими дорожками./tsixth-flat.jpg/t2023-02-09T14:50:55.402Z/tsell/tBrussels/tpic-2.jpg/ttrue/t1/thotel/t6/t5/t19107/tBaby seat,Washer,Towels/tЛитвинков Н/ttest741@mail.ru/tsecret/tavatar.png/tpro/t0/t37,38
2-к. квартира, 60 м², 7/19 эт./tПродам просторную 3х комнатную квартиру на 2 этаже в 10 этажном кирпичном доме в микрорайоне Взлётка, по адресу ул. Взлётная д. 24а. Общая площадь 128 м2. Свободная продажа. Квартира с дизайнерским ремонтом в отличном состоянии с системой охранной сигнализации. Комфортная планировка на обе стороны дома. Квартира солнечная, теплая и уютная./tsixth-flat.jpg/t2023-02-06T14:50:55.402Z/tbuy/tAmsterdam/tpic-2.jpg/ttrue/t2/tapartment/t6/t8/t3446/tBaby seat,Washer,Towels,Fridge/tСаша/ttest895@mail.ru/tsecret/tavatar.png/tpro/t0/t39,40
1-к. квартира, 35 м², 1/9 эт./tНОВОКОЛЬЦОВСКИЙ - перспективный многопрофильный район на юго-востоке Екатеринбурга. К 2023 году здесь будет построен комплекс объектов для проведения спортивных состязаний международного уровня: Дворец водных видов спорта, общественный и медицинский центры, общежития для спортсменов и тренировочное поле с легкоатлетическими дорожками./tfifth-flat.jpg,sixth-flat.jpg/t2023-02-09T14:50:55.402Z/tsell/tBrussels/tpic-2.jpg/ttrue/t3/troom/t4/t2/t8989/tTowels,Fridge/tАнатолий/ttest974@mail.ru/tsecret/tavatar.png/tpro/t0/t39,39
1-к. квартира, 35 м², 1/9 эт./tКвартира общей площадью 38 кв.м.,/кухня 10,/комната 16. Санузел совмещённый 5 кв.м. Дом кирпичный, год постройки - 2010 г, Удобный этаж - 4. Квартира светлая, чистая, теплая. Своя автономная котельная, очень низкие цены на коммунальные услуги. Два лифта - грузовой и пассажирский. Лоджия застекленная, пол утеплённый деревянный./tthird-flat.jpg,fourth-flat.jpg/t2023-02-08T14:50:55.403Z/tsell/tCologne/tpic-1.jpg/ttrue/t3/tapartment/t2/t8/t18279/tAir conditioning,Laptop friendly workspace/tАнатолий/ttest52@mail.ru/tsecret/tavatar.png/tобычный/t0/t40,40
1-к. квартира, 35 м², 1/9 эт./tПродается 2-к квартира в ЖК «Новатор» - по адресу: Литер 4.1, Секция А. 15-й этаж 23- этажного жилого дома, общая площадь 41.20 кв. м., жилая площадь 27.60 кв. м. от ГК . Срок окончания строительства: 1 квартал 2023 года./tfourth-flat.jpg,fifth-flat.jpg,sixth-flat.jpg/t2023-02-07T14:50:55.403Z/tbuy/tBrussels/tpic-3.jpg/ttrue/t1/troom/t3/t4/t9980/tLaptop friendly workspace,Baby seat,Washer,Towels,Fridge/tВолодимир/ttest741@mail.ru/tsecret/tavatar.png/tобычный/t0/t39,38
4-к. квартира, 80 м², 17/19 эт./tКвартира общей площадью 38 кв.м.,/кухня 10,/комната 16. Санузел совмещённый 5 кв.м. Дом кирпичный, год постройки - 2010 г, Удобный этаж - 4. Квартира светлая, чистая, теплая. Своя автономная котельная, очень низкие цены на коммунальные услуги. Два лифта - грузовой и пассажирский. Лоджия застекленная, пол утеплённый деревянный./tfourth-flat.jpg,fifth-flat.jpg,sixth-flat.jpg/t2023-02-07T14:50:55.403Z/tbuy/tHamburg/tpic-3.jpg/ttrue/t1/troom/t4/t8/t12011/tLaptop friendly workspace,Baby seat,Washer,Towels,Fridge/tИгорь/ttest976@mail.ru/tsecret/tavatar.png/tобычный/t0/t39,39
4-к. квартира, 80 м², 17/19 эт./tПродается 2-к квартира в ЖК «Новатор» - по адресу: Литер 4.1, Секция А. 7-й этаж 23- этажного жилого дома, общая площадь 56.00 кв. м., жилая площадь 32.30 кв. м. от ГК. Срок окончания строительства: 1 квартал 2023 года./tfifth-flat.jpg,sixth-flat.jpg/t2023-02-06T14:50:55.403Z/tsell/tParis/tpic-1.jpg/ttrue/t4/thotel/t4/t5/t15081/tBaby seat,Washer,Towels,Fridge/tСаша/ttest779@mail.ru/tsecret/tavatar.png/tобычный/t0/t40,37
2-к. квартира, 60 м², 7/19 эт./tНОВОКОЛЬЦОВСКИЙ - перспективный многопрофильный район на юго-востоке Екатеринбурга. К 2023 году здесь будет построен комплекс объектов для проведения спортивных состязаний международного уровня: Дворец водных видов спорта, общественный и медицинский центры, общежития для спортсменов и тренировочное поле с легкоатлетическими дорожками./tfirst-flat.jpg,second-flat.jpg,third-flat.jpg,fourth-flat.jpg/t2023-02-09T14:50:55.403Z/tbuy/tDusseldorf/tpic-3.jpg/ttrue/t2/thouse/t4/t1/t4514/tWasher,Towels,Fridge/tСаша/ttest514@mail.ru/tsecret/tavatar.png/tpro/t0/t40,38
3-к. квартира, 65 м², 2/17 эт./tКвартира общей площадью 38 кв.м.,/кухня 10,/комната 16. Санузел совмещённый 5 кв.м. Дом кирпичный, год постройки - 2010 г, Удобный этаж - 4. Квартира светлая, чистая, теплая. Своя автономная котельная, очень низкие цены на коммунальные услуги. Два лифта - грузовой и пассажирский. Лоджия застекленная, пол утеплённый деревянный./tfifth-flat.jpg,sixth-flat.jpg/t2023-02-10T14:50:55.403Z/tbuy/tBrussels/tpic-2.jpg/ttrue/t3/thouse/t3/t8/t11018/tBaby seat,Washer,Towels,Fridge/tИгорь/ttest265@mail.ru/tsecret/tavatar.png/tpro/t0/t37,39
4-к. квартира, 80 м², 17/19 эт./tКвартира общей площадью 38 кв.м.,/кухня 10,/комната 16. Санузел совмещённый 5 кв.м. Дом кирпичный, год постройки - 2010 г, Удобный этаж - 4. Квартира светлая, чистая, теплая. Своя автономная котельная, очень низкие цены на коммунальные услуги. Два лифта - грузовой и пассажирский. Лоджия застекленная, пол утеплённый деревянный./tfifth-flat.jpg,sixth-flat.jpg/t2023-02-10T14:50:55.403Z/tbuy/tParis/tpic-2.jpg/ttrue/t2/tapartment/t7/t4/t2787/tLaptop friendly workspace,Baby seat,Washer,Towels,Fridge/tЛитвинков Н/ttest318@mail.ru/tsecret/tavatar.png/tpro/t0/t36,40
3-к. квартира, 65 м², 2/17 эт./tНОВОКОЛЬЦОВСКИЙ - перспективный многопрофильный район на юго-востоке Екатеринбурга. К 2023 году здесь будет построен комплекс объектов для проведения спортивных состязаний международного уровня: Дворец водных видов спорта, общественный и медицинский центры, общежития для спортсменов и тренировочное поле с легкоатлетическими дорожками./tfirst-flat.jpg,second-flat.jpg/t2023-02-08T14:50:55.403Z/tsell/tBrussels/tpic-1.jpg/ttrue/t3/thouse/t3/t10/t15621/tFridge/tСаша/ttest272@mail.ru/tsecret/tavatar.png/tобычный/t0/t40,39
4-к. квартира, 80 м², 17/19 эт./tКвартира общей площадью 38 кв.м.,/кухня 10,/комната 16. Санузел совмещённый 5 кв.м. Дом кирпичный, год постройки - 2010 г, Удобный этаж - 4. Квартира светлая, чистая, теплая. Своя автономная котельная, очень низкие цены на коммунальные услуги. Два лифта - грузовой и пассажирский. Лоджия застекленная, пол утеплённый деревянный./tfifth-flat.jpg,sixth-flat.jpg/t2023-02-07T14:50:55.403Z/tbuy/tParis/tpic-2.jpg/ttrue/t3/thotel/t6/t6/t10154/tLaptop friendly workspace,Baby seat,Washer/tИгорь/ttest36@mail.ru/tsecret/tavatar.png/tобычный/t0/t40,36
2-к. квартира, 56 м², 23/25 эт./tКвартира общей площадью 38 кв.м.,/кухня 10,/комната 16. Санузел совмещённый 5 кв.м. Дом кирпичный, год постройки - 2010 г, Удобный этаж - 4. Квартира светлая, чистая, теплая. Своя автономная котельная, очень низкие цены на коммунальные услуги. Два лифта - грузовой и пассажирский. Лоджия застекленная, пол утеплённый деревянный./tfirst-flat.jpg,second-flat.jpg,third-flat.jpg,fourth-flat.jpg,fifth-flat.jpg/t2023-02-05T14:50:55.403Z/tsell/tAmsterdam/tpic-2.jpg/ttrue/t2/thouse/t6/t9/t14935/tAir conditioning,Laptop friendly workspace/tСаша/ttest620@mail.ru/tsecret/tavatar.png/tобычный/t0/t40,39
4-к. квартира, 80 м², 17/19 эт./tПродам просторную 3х комнатную квартиру на 2 этаже в 10 этажном кирпичном доме в микрорайоне Взлётка, по адресу ул. Взлётная д. 24а. Общая площадь 128 м2. Свободная продажа. Квартира с дизайнерским ремонтом в отличном состоянии с системой охранной сигнализации. Комфортная планировка на обе стороны дома. Квартира солнечная, теплая и уютная./tsixth-flat.jpg/t2023-02-11T14:50:55.403Z/tbuy/tParis/tpic-2.jpg/ttrue/t1/thotel/t4/t7/t6067/tTowels,Fridge/tВолодимир/ttest564@mail.ru/tsecret/tavatar.png/tобычный/t0/t38,39
3-к. квартира, 65 м², 2/17 эт./tПродается 2-к квартира в ЖК «Новатор» - по адресу: Литер 4.1, Секция А. 15-й этаж 23- этажного жилого дома, общая площадь 41.20 кв. м., жилая площадь 27.60 кв. м. от ГК . Срок окончания строительства: 1 квартал 2023 года./tfifth-flat.jpg,sixth-flat.jpg/t2023-02-10T14:50:55.403Z/tbuy/tAmsterdam/tpic-2.jpg/ttrue/t3/thotel/t2/t1/t17264/tBaby seat,Washer,Towels,Fridge/tВолодимир/ttest654@mail.ru/tsecret/tavatar.png/tобычный/t0/t36,39
1-к. квартира, 35 м², 1/9 эт./tПродам 3-х квартиру с большой кухней, большим корридором, 2ва раздельных санузла на разные стороны, две лоджии, частично мебилирована. Возможен хороший предновогодний торг./tthird-flat.jpg,fourth-flat.jpg/t2023-02-10T14:50:55.403Z/tsell/tHamburg/tpic-2.jpg/tfalse/t3/thotel/t7/t8/t11963/tAir conditioning,Laptop friendly workspace,Baby seat,Washer,Towels,Fridge/tВолодимир/ttest242@mail.ru/tsecret/tavatar.png/tобычный/t0/t37,39
2-к. квартира, 56 м², 7/23 эт./tПродам просторную 3х комнатную квартиру на 2 этаже в 10 этажном кирпичном доме в микрорайоне Взлётка, по адресу ул. Взлётная д. 24а. Общая площадь 128 м2. Свободная продажа. Квартира с дизайнерским ремонтом в отличном состоянии с системой охранной сигнализации. Комфортная планировка на обе стороны дома. Квартира солнечная, теплая и уютная./tfourth-flat.jpg,fifth-flat.jpg,sixth-flat.jpg/t2023-02-09T14:50:55.403Z/tsell/tHamburg/tpic-3.jpg/tfalse/t4/thouse/t4/t5/t5125/tTowels,Fridge/tИгорь/ttest709@mail.ru/tsecret/tavatar.png/tобычный/t0/t38,40
2-к. квартира, 60 м², 7/19 эт./tНОВОКОЛЬЦОВСКИЙ - перспективный многопрофильный район на юго-востоке Екатеринбурга. К 2023 году здесь будет построен комплекс объектов для проведения спортивных состязаний международного уровня: Дворец водных видов спорта, общественный и медицинский центры, общежития для спортсменов и тренировочное поле с легкоатлетическими дорожками./tsecond-flat.jpg,third-flat.jpg,fourth-flat.jpg,fifth-flat.jpg,sixth-flat.jpg/t2023-02-07T14:50:55.403Z/tbuy/tCologne/tpic-3.jpg/ttrue/t3/tapartment/t4/t9/t8409/tWasher,Towels,Fridge/tАнатолий/ttest331@mail.ru/tsecret/tavatar.png/tpro/t0/t39,38
4-к. квартира, 80 м², 17/19 эт./tПродам просторную 3х комнатную квартиру на 2 этаже в 10 этажном кирпичном доме в микрорайоне Взлётка, по адресу ул. Взлётная д. 24а. Общая площадь 128 м2. Свободная продажа. Квартира с дизайнерским ремонтом в отличном состоянии с системой охранной сигнализации. Комфортная планировка на обе стороны дома. Квартира солнечная, теплая и уютная./tthird-flat.jpg,fourth-flat.jpg,fifth-flat.jpg,sixth-flat.jpg/t2023-02-09T14:50:55.403Z/tbuy/tDusseldorf/tpic-3.jpg/ttrue/t4/tapartment/t5/t9/t9051/tTowels,Fridge/tЛитвинков Н/ttest26@mail.ru/tsecret/tavatar.png/tpro/t0/t37,38
3-к. квартира, 65 м², 2/17 эт./tНОВОКОЛЬЦОВСКИЙ - перспективный многопрофильный район на юго-востоке Екатеринбурга. К 2023 году здесь будет построен комплекс объектов для проведения спортивных состязаний международного уровня: Дворец водных видов спорта, общественный и медицинский центры, общежития для спортсменов и тренировочное поле с легкоатлетическими дорожками./tsecond-flat.jpg,third-flat.jpg,fourth-flat.jpg/t2023-02-10T14:50:55.403Z/tsell/tParis/tpic-1.jpg/tfalse/t1/troom/t6/t10/t16034/tAir conditioning,Laptop friendly workspace,Baby seat,Washer,Towels,Fridge/tЛитвинков Н/ttest987@mail.ru/tsecret/tavatar.png/tобычный/t0/t39,38
2-к. квартира, 60 м², 7/19 эт./tПродается 2-к квартира в ЖК «Новатор» - по адресу: Литер 4.1, Секция А. 15-й этаж 23- этажного жилого дома, общая площадь 41.20 кв. м., жилая площадь 27.60 кв. м. от ГК . Срок окончания строительства: 1 квартал 2023 года./tfifth-flat.jpg,sixth-flat.jpg/t2023-02-09T14:50:55.403Z/tbuy/tHamburg/tpic-1.jpg/ttrue/t5/tapartment/t2/t8/t3106/tTowels,Fridge/tАнатолий/ttest268@mail.ru/tsecret/tavatar.png/tpro/t0/t38,39
2-к. квартира, 56 м², 23/25 эт./tКвартира общей площадью 38 кв.м.,/кухня 10,/комната 16. Санузел совмещённый 5 кв.м. Дом кирпичный, год постройки - 2010 г, Удобный этаж - 4. Квартира светлая, чистая, теплая. Своя автономная котельная, очень низкие цены на коммунальные услуги. Два лифта - грузовой и пассажирский. Лоджия застекленная, пол утеплённый деревянный./tfourth-flat.jpg,fifth-flat.jpg,sixth-flat.jpg/t2023-02-06T14:50:55.403Z/tsell/tBrussels/tpic-3.jpg/ttrue/t3/troom/t6/t3/t9247/tBreakfast,Air conditioning,Laptop friendly workspace,Baby seat,Washer/tЛитвинков Н/ttest734@mail.ru/tsecret/tavatar.png/tобычный/t0/t37,38
2-к. квартира, 60 м², 7/19 эт./tПродается 2-к квартира в ЖК «Новатор» - по адресу: Литер 4.1, Секция А. 15-й этаж 23- этажного жилого дома, общая площадь 41.20 кв. м., жилая площадь 27.60 кв. м. от ГК . Срок окончания строительства: 1 квартал 2023 года./tfourth-flat.jpg,fifth-flat.jpg,sixth-flat.jpg/t2023-02-11T14:50:55.403Z/tsell/tAmsterdam/tpic-1.jpg/ttrue/t4/tapartment/t1/t3/t3451/tAir conditioning/tСаша/ttest123@mail.ru/tsecret/tavatar.png/tобычный/t0/t39,39
3-к. квартира, 65 м², 2/17 эт./tКвартира общей площадью 38 кв.м.,/кухня 10,/комната 16. Санузел совмещённый 5 кв.м. Дом кирпичный, год постройки - 2010 г, Удобный этаж - 4. Квартира светлая, чистая, теплая. Своя автономная котельная, очень низкие цены на коммунальные услуги. Два лифта - грузовой и пассажирский. Лоджия застекленная, пол утеплённый деревянный./tsecond-flat.jpg,third-flat.jpg,fourth-flat.jpg/t2023-02-09T14:50:55.403Z/tsell/tHamburg/tpic-3.jpg/tfalse/t1/troom/t6/t8/t1044/tTowels,Fridge/tАнатолий/ttest252@mail.ru/tsecret/tavatar.png/tобычный/t0/t36,37
2-к. квартира, 60 м², 7/19 эт./tКвартира общей площадью 38 кв.м.,/кухня 10,/комната 16. Санузел совмещённый 5 кв.м. Дом кирпичный, год постройки - 2010 г, Удобный этаж - 4. Квартира светлая, чистая, теплая. Своя автономная котельная, очень низкие цены на коммунальные услуги. Два лифта - грузовой и пассажирский. Лоджия застекленная, пол утеплённый деревянный./tfourth-flat.jpg,fifth-flat.jpg,sixth-flat.jpg/t2023-02-08T14:50:55.403Z/tsell/tDusseldorf/tpic-1.jpg/ttrue/t5/thouse/t3/t3/t9731/tAir conditioning/tСаша/ttest720@mail.ru/tsecret/tavatar.png/tобычный/t0/t39,36
3-к. квартира, 65 м², 2/17 эт./tПродам просторную 3х комнатную квартиру на 2 этаже в 10 этажном кирпичном доме в микрорайоне Взлётка, по адресу ул. Взлётная д. 24а. Общая площадь 128 м2. Свободная продажа. Квартира с дизайнерским ремонтом в отличном состоянии с системой охранной сигнализации. Комфортная планировка на обе стороны дома. Квартира солнечная, теплая и уютная./tthird-flat.jpg,fourth-flat.jpg,fifth-flat.jpg,sixth-flat.jpg/t2023-02-10T14:50:55.403Z/tsell/tParis/tpic-2.jpg/tfalse/t3/thotel/t6/t9/t1152/tTowels,Fridge/tЛитвинков Н/ttest98@mail.ru/tsecret/tavatar.png/tобычный/t0/t39,40
1-к. квартира, 35 м², 1/9 эт./tНОВОКОЛЬЦОВСКИЙ - перспективный многопрофильный район на юго-востоке Екатеринбурга. К 2023 году здесь будет построен комплекс объектов для проведения спортивных состязаний международного уровня: Дворец водных видов спорта, общественный и медицинский центры, общежития для спортсменов и тренировочное поле с легкоатлетическими дорожками./tsixth-flat.jpg/t2023-02-10T14:50:55.403Z/tsell/tParis/tpic-2.jpg/ttrue/t1/thouse/t3/t1/t14553/tAir conditioning,Laptop friendly workspace,Baby seat,Washer,Towels,Fridge/tСаша/ttest627@mail.ru/tsecret/tavatar.png/tобычный/t0/t39,39
3-к. квартира, 65 м², 2/17 эт./tПродается 2-к квартира в ЖК «Новатор» - по адресу: Литер 4.1, Секция А. 15-й этаж 23- этажного жилого дома, общая площадь 41.20 кв. м., жилая площадь 27.60 кв. м. от ГК . Срок окончания строительства: 1 квартал 2023 года./tthird-flat.jpg,fourth-flat.jpg,fifth-flat.jpg,sixth-flat.jpg/t2023-02-10T14:50:55.403Z/tsell/tBrussels/tpic-2.jpg/ttrue/t1/thouse/t6/t6/t16968/tAir conditioning,Laptop friendly workspace,Baby seat,Washer,Towels/tИгорь/ttest351@mail.ru/tsecret/tavatar.png/tобычный/t0/t40,40
2-к. квартира, 56 м², 23/25 эт./tНОВОКОЛЬЦОВСКИЙ - перспективный многопрофильный район на юго-востоке Екатеринбурга. К 2023 году здесь будет построен комплекс объектов для проведения спортивных состязаний международного уровня: Дворец водных видов спорта, общественный и медицинский центры, общежития для спортсменов и тренировочное поле с легкоатлетическими дорожками./tsixth-flat.jpg/t2023-02-09T14:50:55.403Z/tsell/tAmsterdam/tpic-2.jpg/ttrue/t2/thouse/t3/t7/t18950/tBreakfast,Air conditioning,Laptop friendly workspace/tЛитвинков Н/ttest868@mail.ru/tsecret/tavatar.png/tобычный/t0/t36,39
2-к. квартира, 56 м², 23/25 эт./tНОВОКОЛЬЦОВСКИЙ - перспективный многопрофильный район на юго-востоке Екатеринбурга. К 2023 году здесь будет построен комплекс объектов для проведения спортивных состязаний международного уровня: Дворец водных видов спорта, общественный и медицинский центры, общежития для спортсменов и тренировочное поле с легкоатлетическими дорожками./tfourth-flat.jpg,fifth-flat.jpg,sixth-flat.jpg/t2023-02-09T14:50:55.403Z/tbuy/tParis/tpic-3.jpg/tfalse/t2/thouse/t2/t5/t3853/tWasher,Towels,Fridge/tВолодимир/ttest478@mail.ru/tsecret/tavatar.png/tpro/t0/t40,37
2-к. квартира, 56 м², 23/25 эт./tПродается 2-к квартира в ЖК «Новатор» - по адресу: Литер 4.1, Секция А. 15-й этаж 23- этажного жилого дома, общая площадь 41.20 кв. м., жилая площадь 27.60 кв. м. от ГК . Срок окончания строительства: 1 квартал 2023 года./tsecond-flat.jpg,third-flat.jpg,fourth-flat.jpg,fifth-flat.jpg,sixth-flat.jpg/t2023-02-10T14:50:55.403Z/tbuy/tCologne/tpic-3.jpg/ttrue/t4/thouse/t5/t4/t16003/tAir conditioning,Laptop friendly workspace,Baby seat,Washer,Towels/tЛитвинков Н/ttest414@mail.ru/tsecret/tavatar.png/tобычный/t0/t37,37
1-к. квартира, 35 м², 1/9 эт./tПродается 2-к квартира в ЖК «Новатор» - по адресу: Литер 4.1, Секция А. 7-й этаж 23- этажного жилого дома, общая площадь 56.00 кв. м., жилая площадь 32.30 кв. м. от ГК. Срок окончания строительства: 1 квартал 2023 года./tfourth-flat.jpg,fifth-flat.jpg,sixth-flat.jpg/t2023-02-08T14:50:55.403Z/tsell/tAmsterdam/tpic-1.jpg/ttrue/t5/thouse/t4/t4/t19555/tWasher,Towels,Fridge/tСаша/ttest135@mail.ru/tsecret/tavatar.png/tобычный/t0/t39,39
2-к. квартира, 56 м², 23/25 эт./tКвартира общей площадью 38 кв.м.,/кухня 10,/комната 16. Санузел совмещённый 5 кв.м. Дом кирпичный, год постройки - 2010 г, Удобный этаж - 4. Квартира светлая, чистая, теплая. Своя автономная котельная, очень низкие цены на коммунальные услуги. Два лифта - грузовой и пассажирский. Лоджия застекленная, пол утеплённый деревянный./tsixth-flat.jpg/t2023-02-10T14:50:55.403Z/tsell/tCologne/tpic-2.jpg/ttrue/t2/tapartment/t3/t3/t5053/tBaby seat,Washer,Towels,Fridge/tВолодимир/ttest909@mail.ru/tsecret/tavatar.png/tpro/t0/t40,40
4-к. квартира, 80 м², 17/19 эт./tНОВОКОЛЬЦОВСКИЙ - перспективный многопрофильный район на юго-востоке Екатеринбурга. К 2023 году здесь будет построен комплекс объектов для проведения спортивных состязаний международного уровня: Дворец водных видов спорта, общественный и медицинский центры, общежития для спортсменов и тренировочное поле с легкоатлетическими дорожками./tfifth-flat.jpg,sixth-flat.jpg/t2023-02-09T14:50:55.403Z/tbuy/tBrussels/tpic-2.jpg/ttrue/t3/troom/t1/t6/t6538/tAir conditioning,Laptop friendly workspace,Baby seat,Washer,Towels,Fridge/tАнатолий/ttest296@mail.ru/tsecret/tavatar.png/tpro/t0/t39,38
2-к. квартира, 56 м², 23/25 эт./tПродается 2-к квартира в ЖК «Новатор» - по адресу: Литер 4.1, Секция А. 15-й этаж 23- этажного жилого дома, общая площадь 41.20 кв. м., жилая площадь 27.60 кв. м. от ГК . Срок окончания строительства: 1 квартал 2023 года./tfourth-flat.jpg,fifth-flat.jpg,sixth-flat.jpg/t2023-02-07T14:50:55.403Z/tbuy/tAmsterdam/tpic-2.jpg/tfalse/t2/troom/t3/t9/t11268/tWasher,Towels,Fridge/tАнатолий/ttest925@mail.ru/tsecret/tavatar.png/tобычный/t0/t39,40
1-к. квартира, 35 м², 1/9 эт./tПродам просторную 3х комнатную квартиру на 2 этаже в 10 этажном кирпичном доме в микрорайоне Взлётка, по адресу ул. Взлётная д. 24а. Общая площадь 128 м2. Свободная продажа. Квартира с дизайнерским ремонтом в отличном состоянии с системой охранной сигнализации. Комфортная планировка на обе стороны дома. Квартира солнечная, теплая и уютная./tfifth-flat.jpg,sixth-flat.jpg/t2023-02-09T14:50:55.403Z/tsell/tCologne/tpic-1.jpg/tfalse/t1/troom/t7/t8/t19954/tWasher,Towels,Fridge/tИгорь/ttest4@mail.ru/tsecret/tavatar.png/tобычный/t0/t37,39
3-к. квартира, 65 м², 2/17 эт./tПродам просторную 3х комнатную квартиру на 2 этаже в 10 этажном кирпичном доме в микрорайоне Взлётка, по адресу ул. Взлётная д. 24а. Общая площадь 128 м2. Свободная продажа. Квартира с дизайнерским ремонтом в отличном состоянии с системой охранной сигнализации. Комфортная планировка на обе стороны дома. Квартира солнечная, теплая и уютная./tfifth-flat.jpg,sixth-flat.jpg/t2023-02-10T14:50:55.403Z/tsell/tCologne/tpic-1.jpg/ttrue/t3/thouse/t3/t2/t6227/tLaptop friendly workspace,Baby seat,Washer/tСаша/ttest151@mail.ru/tsecret/tavatar.png/tpro/t0/t40,39
2-к. квартира, 56 м², 7/23 эт./tНОВОКОЛЬЦОВСКИЙ - перспективный многопрофильный район на юго-востоке Екатеринбурга. К 2023 году здесь будет построен комплекс объектов для проведения спортивных состязаний международного уровня: Дворец водных видов спорта, общественный и медицинский центры, общежития для спортсменов и тренировочное поле с легкоатлетическими дорожками./tfifth-flat.jpg,sixth-flat.jpg/t2023-02-06T14:50:55.403Z/tbuy/tDusseldorf/tpic-3.jpg/tfalse/t3/thouse/t5/t4/t16768/tAir conditioning,Laptop friendly workspace,Baby seat,Washer/tАнатолий/ttest476@mail.ru/tsecret/tavatar.png/tpro/t0/t38,37
3-к. квартира, 65 м², 2/17 эт./tНОВОКОЛЬЦОВСКИЙ - перспективный многопрофильный район на юго-востоке Екатеринбурга. К 2023 году здесь будет построен комплекс объектов для проведения спортивных состязаний международного уровня: Дворец водных видов спорта, общественный и медицинский центры, общежития для спортсменов и тренировочное поле с легкоатлетическими дорожками./tthird-flat.jpg,fourth-flat.jpg/t2023-02-06T14:50:55.403Z/tbuy/tCologne/tpic-2.jpg/ttrue/t4/thouse/t3/t2/t19576/t/tЛитвинков Н/ttest966@mail.ru/tsecret/tavatar.png/tpro/t0/t39,36
4-к. квартира, 80 м², 17/19 эт./tКвартира общей площадью 38 кв.м.,/кухня 10,/комната 16. Санузел совмещённый 5 кв.м. Дом кирпичный, год постройки - 2010 г, Удобный этаж - 4. Квартира светлая, чистая, теплая. Своя автономная котельная, очень низкие цены на коммунальные услуги. Два лифта - грузовой и пассажирский. Лоджия застекленная, пол утеплённый деревянный./tsecond-flat.jpg,third-flat.jpg,fourth-flat.jpg,fifth-flat.jpg,sixth-flat.jpg/t2023-02-08T14:50:55.403Z/tsell/tAmsterdam/tpic-2.jpg/ttrue/t5/thotel/t7/t4/t5466/tAir conditioning,Laptop friendly workspace,Baby seat,Washer/tАнатолий/ttest274@mail.ru/tsecret/tavatar.png/tpro/t0/t38,38
2-к. квартира, 60 м², 7/19 эт./tПродается 2-к квартира в ЖК «Новатор» - по адресу: Литер 4.1, Секция А. 15-й этаж 23- этажного жилого дома, общая площадь 41.20 кв. м., жилая площадь 27.60 кв. м. от ГК . Срок окончания строительства: 1 квартал 2023 года./tsixth-flat.jpg/t2023-02-09T14:50:55.403Z/tsell/tParis/tpic-1.jpg/ttrue/t1/troom/t4/t9/t11686/tWasher,Towels,Fridge/tСаша/ttest137@mail.ru/tsecret/tavatar.png/tобычный/t0/t40,38
1-к. квартира, 35 м², 1/9 эт./tПродается 2-к квартира в ЖК «Новатор» - по адресу: Литер 4.1, Секция А. 15-й этаж 23- этажного жилого дома, общая площадь 41.20 кв. м., жилая площадь 27.60 кв. м. от ГК . Срок окончания строительства: 1 квартал 2023 года./tsecond-flat.jpg,third-flat.jpg,fourth-flat.jpg,fifth-flat.jpg,sixth-flat.jpg/t2023-02-07T14:50:55.403Z/tsell/tDusseldorf/tpic-2.jpg/ttrue/t3/thouse/t5/t2/t15480/tLaptop friendly workspace,Baby seat,Washer,Towels,Fridge/tВолодимир/ttest814@mail.ru/tsecret/tavatar.png/tобычный/t0/t39,39
4-к. квартира, 80 м², 17/19 эт./tПродается 2-к квартира в ЖК «Новатор» - по адресу: Литер 4.1, Секция А. 15-й этаж 23- этажного жилого дома, общая площадь 41.20 кв. м., жилая площадь 27.60 кв. м. от ГК . Срок окончания строительства: 1 квартал 2023 года./tthird-flat.jpg,fourth-flat.jpg,fifth-flat.jpg,sixth-flat.jpg/t2023-02-07T14:50:55.403Z/tsell/tBrussels/tpic-3.jpg/ttrue/t3/troom/t6/t8/t14604/tAir conditioning,Laptop friendly workspace,Baby seat,Washer,Towels,Fridge/tАнатолий/ttest26@mail.ru/tsecret/tavatar.png/tpro/t0/t40,40
2-к. квартира, 56 м², 7/23 эт./tНОВОКОЛЬЦОВСКИЙ - перспективный многопрофильный район на юго-востоке Екатеринбурга. К 2023 году здесь будет построен комплекс объектов для проведения спортивных состязаний международного уровня: Дворец водных видов спорта, общественный и медицинский центры, общежития для спортсменов и тренировочное поле с легкоатлетическими дорожками./tfifth-flat.jpg,sixth-flat.jpg/t2023-02-10T14:50:55.403Z/tbuy/tHamburg/tpic-1.jpg/tfalse/t4/thouse/t2/t2/t1914/tBreakfast,Air conditioning,Laptop friendly workspace,Baby seat/tСаша/ttest407@mail.ru/tsecret/tavatar.png/tpro/t0/t37,37
3-к. квартира, 65 м², 2/17 эт./tПродается 2-к квартира в ЖК «Новатор» - по адресу: Литер 4.1, Секция А. 15-й этаж 23- этажного жилого дома, общая площадь 41.20 кв. м., жилая площадь 27.60 кв. м. от ГК . Срок окончания строительства: 1 квартал 2023 года./tfirst-flat.jpg,second-flat.jpg,third-flat.jpg,fourth-flat.jpg,fifth-flat.jpg/t2023-02-05T14:50:55.403Z/tsell/tParis/tpic-3.jpg/ttrue/t3/thotel/t6/t4/t12451/tLaptop friendly workspace,Baby seat,Washer,Towels,Fridge/tИгорь/ttest283@mail.ru/tsecret/tavatar.png/tpro/t0/t40,39
2-к. квартира, 60 м², 7/19 эт./tКвартира общей площадью 38 кв.м.,/кухня 10,/комната 16. Санузел совмещённый 5 кв.м. Дом кирпичный, год постройки - 2010 г, Удобный этаж - 4. Квартира светлая, чистая, теплая. Своя автономная котельная, очень низкие цены на коммунальные услуги. Два лифта - грузовой и пассажирский. Лоджия застекленная, пол утеплённый деревянный./tfourth-flat.jpg,fifth-flat.jpg,sixth-flat.jpg/t2023-02-08T14:50:55.403Z/tbuy/tBrussels/tpic-3.jpg/tfalse/t4/troom/t5/t5/t3459/tLaptop friendly workspace,Baby seat,Washer/tИгорь/ttest70@mail.ru/tsecret/tavatar.png/tобычный/t0/t39,40
2-к. квартира, 56 м², 7/23 эт./tПродается 2-к квартира в ЖК «Новатор» - по адресу: Литер 4.1, Секция А. 15-й этаж 23- этажного жилого дома, общая площадь 41.20 кв. м., жилая площадь 27.60 кв. м. от ГК . Срок окончания строительства: 1 квартал 2023 года./tthird-flat.jpg,fourth-flat.jpg,fifth-flat.jpg,sixth-flat.jpg/t2023-02-07T14:50:55.403Z/tbuy/tDusseldorf/tpic-1.jpg/tfalse/t2/thouse/t8/t4/t7438/tAir conditioning,Laptop friendly workspace/tЛитвинков Н/ttest4@mail.ru/tsecret/tavatar.png/tpro/t0/t36,40
4-к. квартира, 80 м², 17/19 эт./tПродается 2-к квартира в ЖК «Новатор» - по адресу: Литер 4.1, Секция А. 7-й этаж 23- этажного жилого дома, общая площадь 56.00 кв. м., жилая площадь 32.30 кв. м. от ГК. Срок окончания строительства: 1 квартал 2023 года./tthird-flat.jpg,fourth-flat.jpg,fifth-flat.jpg/t2023-02-10T14:50:55.403Z/tbuy/tDusseldorf/tpic-2.jpg/tfalse/t2/thouse/t1/t7/t2354/tTowels,Fridge/tСаша/ttest692@mail.ru/tsecret/tavatar.png/tpro/t0/t40,40
1-к. квартира, 35 м², 1/9 эт./tНОВОКОЛЬЦОВСКИЙ - перспективный многопрофильный район на юго-востоке Екатеринбурга. К 2023 году здесь будет построен комплекс объектов для проведения спортивных состязаний международного уровня: Дворец водных видов спорта, общественный и медицинский центры, общежития для спортсменов и тренировочное поле с легкоатлетическими дорожками./tsixth-flat.jpg/t2023-02-08T14:50:55.403Z/tsell/tParis/tpic-2.jpg/tfalse/t2/thouse/t7/t7/t4835/tFridge/tАнатолий/ttest108@mail.ru/tsecret/tavatar.png/tpro/t0/t39,40
2-к. квартира, 60 м², 7/19 эт./tПродается 2-к квартира в ЖК «Новатор» - по адресу: Литер 4.1, Секция А. 15-й этаж 23- этажного жилого дома, общая площадь 41.20 кв. м., жилая площадь 27.60 кв. м. от ГК . Срок окончания строительства: 1 квартал 2023 года./tsixth-flat.jpg/t2023-02-06T14:50:55.403Z/tbuy/tAmsterdam/tpic-3.jpg/tfalse/t2/thouse/t1/t4/t13264/tTowels,Fridge/tВолодимир/ttest476@mail.ru/tsecret/tavatar.png/tpro/t0/t39,39
2-к. квартира, 60 м², 7/19 эт./tНОВОКОЛЬЦОВСКИЙ - перспективный многопрофильный район на юго-востоке Екатеринбурга. К 2023 году здесь будет построен комплекс объектов для проведения спортивных состязаний международного уровня: Дворец водных видов спорта, общественный и медицинский центры, общежития для спортсменов и тренировочное поле с легкоатлетическими дорожками./tsecond-flat.jpg,third-flat.jpg,fourth-flat.jpg,fifth-flat.jpg,sixth-flat.jpg/t2023-02-06T14:50:55.403Z/tbuy/tAmsterdam/tpic-2.jpg/tfalse/t3/thotel/t3/t2/t17605/tBreakfast/tЛитвинков Н/ttest313@mail.ru/tsecret/tavatar.png/tобычный/t0/t38,40
2-к. квартира, 60 м², 7/19 эт./tКвартира общей площадью 38 кв.м.,/кухня 10,/комната 16. Санузел совмещённый 5 кв.м. Дом кирпичный, год постройки - 2010 г, Удобный этаж - 4. Квартира светлая, чистая, теплая. Своя автономная котельная, очень низкие цены на коммунальные услуги. Два лифта - грузовой и пассажирский. Лоджия застекленная, пол утеплённый деревянный./tsecond-flat.jpg/t2023-02-07T14:50:55.403Z/tbuy/tCologne/tpic-2.jpg/tfalse/t1/thouse/t3/t8/t12375/tWasher,Towels,Fridge/tАнатолий/ttest361@mail.ru/tsecret/tavatar.png/tpro/t0/t40,40
2-к. квартира, 60 м², 7/19 эт./tНОВОКОЛЬЦОВСКИЙ - перспективный многопрофильный район на юго-востоке Екатеринбурга. К 2023 году здесь будет построен комплекс объектов для проведения спортивных состязаний международного уровня: Дворец водных видов спорта, общественный и медицинский центры, общежития для спортсменов и тренировочное поле с легкоатлетическими дорожками./tfifth-flat.jpg,sixth-flat.jpg/t2023-02-06T14:50:55.403Z/tsell/tCologne/tpic-2.jpg/ttrue/t1/tapartment/t7/t1/t15620/tTowels,Fridge/tСаша/ttest311@mail.ru/tsecret/tavatar.png/tpro/t0/t36,39
3-к. квартира, 65 м², 2/17 эт./tНОВОКОЛЬЦОВСКИЙ - перспективный многопрофильный район на юго-востоке Екатеринбурга. К 2023 году здесь будет построен комплекс объектов для проведения спортивных состязаний международного уровня: Дворец водных видов спорта, общественный и медицинский центры, общежития для спортсменов и тренировочное поле с легкоатлетическими дорожками./tthird-flat.jpg,fourth-flat.jpg,fifth-flat.jpg,sixth-flat.jpg/t2023-02-06T14:50:55.403Z/tbuy/tBrussels/tpic-3.jpg/tfalse/t3/tapartment/t7/t1/t10102/tWasher,Towels,Fridge/tАнатолий/ttest4@mail.ru/tsecret/tavatar.png/tобычный/t0/t39,38
3-к. квартира, 65 м², 2/17 эт./tКвартира общей площадью 38 кв.м.,/кухня 10,/комната 16. Санузел совмещённый 5 кв.м. Дом кирпичный, год постройки - 2010 г, Удобный этаж - 4. Квартира светлая, чистая, теплая. Своя автономная котельная, очень низкие цены на коммунальные услуги. Два лифта - грузовой и пассажирский. Лоджия застекленная, пол утеплённый деревянный./tthird-flat.jpg,fourth-flat.jpg,fifth-flat.jpg,sixth-flat.jpg/t2023-02-11T14:50:55.403Z/tsell/tAmsterdam/tpic-2.jpg/ttrue/t1/thouse/t8/t4/t19780/tFridge/tИгорь/ttest691@mail.ru/tsecret/tavatar.png/tобычный/t0/t39,39
3-к. квартира, 65 м², 2/17 эт./tНОВОКОЛЬЦОВСКИЙ - перспективный многопрофильный район на юго-востоке Екатеринбурга. К 2023 году здесь будет построен комплекс объектов для проведения спортивных состязаний международного уровня: Дворец водных видов спорта, общественный и медицинский центры, общежития для спортсменов и тренировочное поле с легкоатлетическими дорожками./tsecond-flat.jpg,third-flat.jpg/t2023-02-09T14:50:55.403Z/tsell/tBrussels/tpic-3.jpg/ttrue/t5/tapartment/t3/t6/t19522/tBaby seat,Washer,Towels,Fridge/tАнатолий/ttest3@mail.ru/tsecret/tavatar.png/tpro/t0/t39,38
2-к. квартира, 56 м², 23/25 эт./tКвартира общей площадью 38 кв.м.,/кухня 10,/комната 16. Санузел совмещённый 5 кв.м. Дом кирпичный, год постройки - 2010 г, Удобный этаж - 4. Квартира светлая, чистая, теплая. Своя автономная котельная, очень низкие цены на коммунальные услуги. Два лифта - грузовой и пассажирский. Лоджия застекленная, пол утеплённый деревянный./tsixth-flat.jpg/t2023-02-05T14:50:55.403Z/tbuy/tCologne/tpic-2.jpg/tfalse/t5/thouse/t8/t7/t17043/tBreakfast,Air conditioning/tЛитвинков Н/ttest643@mail.ru/tsecret/tavatar.png/tобычный/t0/t37,40
1-к. квартира, 35 м², 1/9 эт./tКвартира общей площадью 38 кв.м.,/кухня 10,/комната 16. Санузел совмещённый 5 кв.м. Дом кирпичный, год постройки - 2010 г, Удобный этаж - 4. Квартира светлая, чистая, теплая. Своя автономная котельная, очень низкие цены на коммунальные услуги. Два лифта - грузовой и пассажирский. Лоджия застекленная, пол утеплённый деревянный./tthird-flat.jpg,fourth-flat.jpg/t2023-02-07T14:50:55.403Z/tbuy/tHamburg/tpic-3.jpg/tfalse/t4/tapartment/t5/t5/t1862/tTowels,Fridge/tЛитвинков Н/ttest156@mail.ru/tsecret/tavatar.png/tpro/t0/t39,39
1-к. квартира, 35 м², 1/9 эт./tПродается 2-к квартира в ЖК «Новатор» - по адресу: Литер 4.1, Секция А. 15-й этаж 23- этажного жилого дома, общая площадь 41.20 кв. м., жилая площадь 27.60 кв. м. от ГК . Срок окончания строительства: 1 квартал 2023 года./t/t2023-02-10T14:50:55.403Z/tbuy/tAmsterdam/tpic-3.jpg/ttrue/t4/tapartment/t4/t4/t9203/t/tЛитвинков Н/ttest706@mail.ru/tsecret/tavatar.png/tpro/t0/t40,38
3-к. квартира, 65 м², 2/17 эт./tПродается 2-к квартира в ЖК «Новатор» - по адресу: Литер 4.1, Секция А. 15-й этаж 23- этажного жилого дома, общая площадь 41.20 кв. м., жилая площадь 27.60 кв. м. от ГК . Срок окончания строительства: 1 квартал 2023 года./tsecond-flat.jpg,third-flat.jpg/t2023-02-08T14:50:55.403Z/tsell/tParis/tpic-2.jpg/ttrue/t4/troom/t3/t10/t11190/tAir conditioning,Laptop friendly workspace,Baby seat,Washer/tЛитвинков Н/ttest49@mail.ru/tsecret/tavatar.png/tобычный/t0/t39,36
2-к. квартира, 60 м², 7/19 эт./tКвартира общей площадью 38 кв.м.,/кухня 10,/комната 16. Санузел совмещённый 5 кв.м. Дом кирпичный, год постройки - 2010 г, Удобный этаж - 4. Квартира светлая, чистая, теплая. Своя автономная котельная, очень низкие цены на коммунальные услуги. Два лифта - грузовой и пассажирский. Лоджия застекленная, пол утеплённый деревянный./tfourth-flat.jpg,fifth-flat.jpg,sixth-flat.jpg/t2023-02-07T14:50:55.404Z/tbuy/tHamburg/tpic-2.jpg/ttrue/t5/thouse/t7/t7/t12163/tWasher,Towels,Fridge/tАнатолий/ttest430@mail.ru/tsecret/tavatar.png/tpro/t0/t39,40
3-к. квартира, 65 м², 2/17 эт./tНОВОКОЛЬЦОВСКИЙ - перспективный многопрофильный район на юго-востоке Екатеринбурга. К 2023 году здесь будет построен комплекс объектов для проведения спортивных состязаний международного уровня: Дворец водных видов спорта, общественный и медицинский центры, общежития для спортсменов и тренировочное поле с легкоатлетическими дорожками./tsecond-flat.jpg/t2023-02-11T14:50:55.404Z/tbuy/tAmsterdam/tpic-1.jpg/tfalse/t4/thouse/t7/t3/t4406/tLaptop friendly workspace,Baby seat,Washer,Towels,Fridge/tСаша/ttest384@mail.ru/tsecret/tavatar.png/tpro/t0/t39,37
3-к. квартира, 65 м², 2/17 эт./tПродается 2-к квартира в ЖК «Новатор» - по адресу: Литер 4.1, Секция А. 7-й этаж 23- этажного жилого дома, общая площадь 56.00 кв. м., жилая площадь 32.30 кв. м. от ГК. Срок окончания строительства: 1 квартал 2023 года./tsecond-flat.jpg,third-flat.jpg,fourth-flat.jpg,fifth-flat.jpg,sixth-flat.jpg/t2023-02-05T14:50:55.404Z/tbuy/tHamburg/tpic-2.jpg/tfalse/t2/tapartment/t6/t6/t11986/tLaptop friendly workspace,Baby seat/tАнатолий/ttest366@mail.ru/tsecret/tavatar.png/tобычный/t0/t37,40
3-к. квартира, 65 м², 2/17 эт./tПродам 3-х квартиру с большой кухней, большим корридором, 2ва раздельных санузла на разные стороны, две лоджии, частично мебилирована. Возможен хороший предновогодний торг./tfourth-flat.jpg,fifth-flat.jpg,sixth-flat.jpg/t2023-02-09T14:50:55.404Z/tsell/tCologne/tpic-2.jpg/ttrue/t1/troom/t2/t5/t9690/tBreakfast/tАнатолий/ttest727@mail.ru/tsecret/tavatar.png/tpro/t0/t37,40
2-к. квартира, 56 м², 23/25 эт./tПродается 2-к квартира в ЖК «Новатор» - по адресу: Литер 4.1, Секция А. 15-й этаж 23- этажного жилого дома, общая площадь 41.20 кв. м., жилая площадь 27.60 кв. м. от ГК . Срок окончания строительства: 1 квартал 2023 года./tsixth-flat.jpg/t2023-02-05T14:50:55.404Z/tbuy/tCologne/tpic-2.jpg/tfalse/t2/troom/t2/t3/t11819/tTowels,Fridge/tЛитвинков Н/ttest715@mail.ru/tsecret/tavatar.png/tобычный/t0/t40,38
2-к. квартира, 56 м², 23/25 эт./tПродается 2-к квартира в ЖК «Новатор» - по адресу: Литер 4.1, Секция А. 7-й этаж 23- этажного жилого дома, общая площадь 56.00 кв. м., жилая площадь 32.30 кв. м. от ГК. Срок окончания строительства: 1 квартал 2023 года./tfirst-flat.jpg,second-flat.jpg,third-flat.jpg,fourth-flat.jpg,fifth-flat.jpg,sixth-flat.jpg/t2023-02-10T14:50:55.404Z/tsell/tBrussels/tpic-1.jpg/ttrue/t1/troom/t2/t5/t7802/tAir conditioning,Laptop friendly workspace,Baby seat,Washer,Towels/tСаша/ttest896@mail.ru/tsecret/tavatar.png/tобычный/t0/t38,40
2-к. квартира, 60 м², 7/19 эт./tНОВОКОЛЬЦОВСКИЙ - перспективный многопрофильный район на юго-востоке Екатеринбурга. К 2023 году здесь будет построен комплекс объектов для проведения спортивных состязаний международного уровня: Дворец водных видов спорта, общественный и медицинский центры, общежития для спортсменов и тренировочное поле с легкоатлетическими дорожками./tfifth-flat.jpg,sixth-flat.jpg/t2023-02-09T14:50:55.404Z/tsell/tCologne/tpic-3.jpg/ttrue/t4/thotel/t5/t7/t19704/tLaptop friendly workspace,Baby seat,Washer/tАнатолий/ttest628@mail.ru/tsecret/tavatar.png/tобычный/t0/t38,40
2-к. квартира, 60 м², 7/19 эт./tКвартира общей площадью 38 кв.м.,/кухня 10,/комната 16. Санузел совмещённый 5 кв.м. Дом кирпичный, год постройки - 2010 г, Удобный этаж - 4. Квартира светлая, чистая, теплая. Своя автономная котельная, очень низкие цены на коммунальные услуги. Два лифта - грузовой и пассажирский. Лоджия застекленная, пол утеплённый деревянный./tfourth-flat.jpg,fifth-flat.jpg,sixth-flat.jpg/t2023-02-07T14:50:55.404Z/tsell/tParis/tpic-1.jpg/tfalse/t5/troom/t5/t8/t17806/tFridge/tСаша/ttest312@mail.ru/tsecret/tavatar.png/tpro/t0/t40,40
2-к. квартира, 60 м², 7/19 эт./tПродам 3-х квартиру с большой кухней, большим корридором, 2ва раздельных санузла на разные стороны, две лоджии, частично мебилирована. Возможен хороший предновогодний торг./tfifth-flat.jpg,sixth-flat.jpg/t2023-02-10T14:50:55.404Z/tbuy/tCologne/tpic-2.jpg/ttrue/t4/troom/t1/t9/t5385/tBaby seat,Washer,Towels,Fridge/tЛитвинков Н/ttest863@mail.ru/tsecret/tavatar.png/tобычный/t0/t40,40
4-к. квартира, 80 м², 17/19 эт./tНОВОКОЛЬЦОВСКИЙ - перспективный многопрофильный район на юго-востоке Екатеринбурга. К 2023 году здесь будет построен комплекс объектов для проведения спортивных состязаний международного уровня: Дворец водных видов спорта, общественный и медицинский центры, общежития для спортсменов и тренировочное поле с легкоатлетическими дорожками./tsixth-flat.jpg/t2023-02-10T14:50:55.404Z/tsell/tAmsterdam/tpic-3.jpg/ttrue/t2/thouse/t7/t8/t16766/tBaby seat,Washer,Towels,Fridge/tСаша/ttest604@mail.ru/tsecret/tavatar.png/tобычный/t0/t38,39
3-к. квартира, 65 м², 2/17 эт./tПродам просторную 3х комнатную квартиру на 2 этаже в 10 этажном кирпичном доме в микрорайоне Взлётка, по адресу ул. Взлётная д. 24а. Общая площадь 128 м2. Свободная продажа. Квартира с дизайнерским ремонтом в отличном состоянии с системой охранной сигнализации. Комфортная планировка на обе стороны дома. Квартира солнечная, теплая и уютная./tsixth-flat.jpg/t2023-02-10T14:50:55.404Z/tsell/tDusseldorf/tpic-2.jpg/tfalse/t3/troom/t4/t7/t7525/tWasher,Towels,Fridge/tСаша/ttest867@mail.ru/tsecret/tavatar.png/tобычный/t0/t39,37
3-к. квартира, 65 м², 2/17 эт./tПродается 2-к квартира в ЖК «Новатор» - по адресу: Литер 4.1, Секция А. 15-й этаж 23- этажного жилого дома, общая площадь 41.20 кв. м., жилая площадь 27.60 кв. м. от ГК . Срок окончания строительства: 1 квартал 2023 года./tfourth-flat.jpg,fifth-flat.jpg,sixth-flat.jpg/t2023-02-06T14:50:55.404Z/tsell/tBrussels/tpic-3.jpg/ttrue/t3/troom/t5/t1/t12990/tWasher,Towels,Fridge/tАнатолий/ttest65@mail.ru/tsecret/tavatar.png/tобычный/t0/t40,39
2-к. квартира, 56 м², 23/25 эт./tПродам просторную 3х комнатную квартиру на 2 этаже в 10 этажном кирпичном доме в микрорайоне Взлётка, по адресу ул. Взлётная д. 24а. Общая площадь 128 м2. Свободная продажа. Квартира с дизайнерским ремонтом в отличном состоянии с системой охранной сигнализации. Комфортная планировка на обе стороны дома. Квартира солнечная, теплая и уютная./tfirst-flat.jpg,second-flat.jpg,third-flat.jpg/t2023-02-06T14:50:55.404Z/tsell/tCologne/tpic-2.jpg/ttrue/t4/tapartment/t5/t9/t18305/tLaptop friendly workspace,Baby seat,Washer,Towels/tАнатолий/ttest85@mail.ru/tsecret/tavatar.png/tpro/t0/t38,39
3-к. квартира, 65 м², 2/17 эт./tПродается 2-к квартира в ЖК «Новатор» - по адресу: Литер 4.1, Секция А. 7-й этаж 23- этажного жилого дома, общая площадь 56.00 кв. м., жилая площадь 32.30 кв. м. от ГК. Срок окончания строительства: 1 квартал 2023 года./tsecond-flat.jpg,third-flat.jpg/t2023-02-07T14:50:55.404Z/tsell/tAmsterdam/tpic-1.jpg/ttrue/t2/tapartment/t5/t6/t16768/tWasher,Towels,Fridge/tАнатолий/ttest538@mail.ru/tsecret/tavatar.png/tpro/t0/t37,39
4-к. квартира, 80 м², 17/19 эт./tНОВОКОЛЬЦОВСКИЙ - перспективный многопрофильный район на юго-востоке Екатеринбурга. К 2023 году здесь будет построен комплекс объектов для проведения спортивных состязаний международного уровня: Дворец водных видов спорта, общественный и медицинский центры, общежития для спортсменов и тренировочное поле с легкоатлетическими дорожками./tthird-flat.jpg,fourth-flat.jpg,fifth-flat.jpg,sixth-flat.jpg/t2023-02-11T14:50:55.404Z/tbuy/tBrussels/tpic-3.jpg/ttrue/t4/thouse/t5/t6/t14295/tLaptop friendly workspace,Baby seat,Washer,Towels/tВолодимир/ttest295@mail.ru/tsecret/tavatar.png/tpro/t0/t38,37
3-к. квартира, 65 м², 2/17 эт./tПродам 3-х квартиру с большой кухней, большим корридором, 2ва раздельных санузла на разные стороны, две лоджии, частично мебилирована. Возможен хороший предновогодний торг./tthird-flat.jpg,fourth-flat.jpg,fifth-flat.jpg/t2023-02-06T14:50:55.404Z/tsell/tCologne/tpic-3.jpg/ttrue/t3/tapartment/t3/t3/t10921/tLaptop friendly workspace,Baby seat,Washer,Towels/tИгорь/ttest999@mail.ru/tsecret/tavatar.png/tобычный/t0/t39,40
3-к. квартира, 65 м², 2/17 эт./tНОВОКОЛЬЦОВСКИЙ - перспективный многопрофильный район на юго-востоке Екатеринбурга. К 2023 году здесь будет построен комплекс объектов для проведения спортивных состязаний международного уровня: Дворец водных видов спорта, общественный и медицинский центры, общежития для спортсменов и тренировочное поле с легкоатлетическими дорожками./tthird-flat.jpg,fourth-flat.jpg,fifth-flat.jpg,sixth-flat.jpg/t2023-02-08T14:50:55.404Z/tbuy/tHamburg/tpic-2.jpg/tfalse/t2/thouse/t4/t1/t17084/tLaptop friendly workspace,Baby seat,Washer/tИгорь/ttest65@mail.ru/tsecret/tavatar.png/tpro/t0/t39,36
2-к. квартира, 60 м², 7/19 эт./tПродается 2-к квартира в ЖК «Новатор» - по адресу: Литер 4.1, Секция А. 15-й этаж 23- этажного жилого дома, общая площадь 41.20 кв. м., жилая площадь 27.60 кв. м. от ГК . Срок окончания строительства: 1 квартал 2023 года./tthird-flat.jpg,fourth-flat.jpg,fifth-flat.jpg,sixth-flat.jpg/t2023-02-07T14:50:55.404Z/tsell/tAmsterdam/tpic-1.jpg/ttrue/t5/thouse/t7/t8/t4114/tFridge/tИгорь/ttest551@mail.ru/tsecret/tavatar.png/tобычный/t0/t39,38
